종목코드,종목명,일자,종가,SMA5_등락비율,SMA20_등락비율,SMA60_등락비율,BB상_등락비율,BB중_등락비율,BB하_등락비율,RSI_등락비율,MACD_등락비율
000270.KS,기아,2026-04-29,156900.0000,-0.3974,0.0520,,0.0993,0.0520,-0.0007,2.7503,
000270.KS,기아,2026-04-30,151800.0000,-0.8495,0.0389,,-0.0155,0.0389,0.0995,-11.2119,
000270.KS,기아,2026-05-04,154000.0000,0.0779,0.1233,,-0.0069,0.1233,0.2679,5.4692,
000270.KS,기아,2026-05-06,154600.0000,0.2594,0.0972,,0.0317,0.0972,0.1698,1.4269,
000270.KS,기아,2026-05-07,157600.0000,0.2588,0.2201,,0.1622,0.2201,0.2842,6.9317,
000270.KS,기아,2026-05-08,164500.0000,0.9808,0.1712,,0.7122,0.1712,-0.4269,12.6595,
000270.KS,기아,2026-05-11,174700.0000,2.9265,0.7803,,2.7297,0.7803,-1.3994,12.2530,
000270.KS,기아,2026-05-12,168300.0000,1.7755,0.6175,,0.9278,0.6175,0.2560,-11.5633,
000270.KS,기아,2026-05-13,179500.0000,3.0377,1.0207,,2.4290,1.0207,-0.6309,11.5444,
000270.KS,기아,2026-05-14,178100.0000,2.4272,0.9096,,1.6897,0.9096,-0.0334,-2.3520,
000270.KS,기아,2026-05-15,168000.0000,0.4046,0.5147,,0.3572,0.5147,0.7083,-15.4502,
000270.KS,기아,2026-05-18,162500.0000,-1.4046,0.1427,,0.0965,0.1427,0.1994,-8.3079,
000270.KS,기아,2026-05-19,154900.0000,-1.5647,-0.1332,,0.0031,-0.1332,-0.3002,-11.0028,-25.4122
000270.KS,기아,2026-05-20,149400.0000,-3.5706,-0.2482,,0.1781,-0.2482,-0.7718,-7.8978,-40.2066
000270.KS,기아,2026-05-21,167900.0000,-1.2548,0.2457,,0.3763,0.2457,0.0839,30.6293,15.7852
000270.KS,기아,2026-05-22,164800.0000,-0.3987,0.1489,,0.1695,0.1489,0.1233,-3.8593,-0.5321
000270.KS,기아,2026-05-26,167000.0000,0.5629,0.2665,,0.3010,0.2665,0.2235,2.5574,5.6286
000270.KS,기아,2026-05-27,164700.0000,1.2189,0.3492,,0.0956,0.3492,0.6649,-3.1249,-4.0784
000270.KS,기아,2026-05-28,164300.0000,1.8309,0.3603,,0.0021,0.3603,0.8036,-0.5819,-5.7605
000270.KS,기아,2026-05-29,169200.0000,0.1569,0.4173,,0.2969,0.4173,0.5651,6.5308,10.8367
000270.KS,기아,2026-06-01,169900.0000,0.6145,0.3972,,0.3117,0.3972,0.5019,0.8664,8.6815
000270.KS,기아,2026-06-02,168800.0000,0.2155,0.5174,,-0.0494,0.5174,1.2102,-1.8028,1.9944
000270.KS,기아,2026-06-04,164300.0000,-0.0478,0.3119,,-0.1874,0.3119,0.9145,-7.3580,-12.1395
000270.KS,기아,2026-06-05,161100.0000,-0.3825,0.1962,,-0.2218,0.1962,0.6953,-5.3343,-22.1075
000270.KS,기아,2026-06-08,151400.0000,-2.1361,-0.1868,,0.3694,-0.1868,-0.8448,-14.8308,-62.8480
000270.KS,기아,2026-06-09,164300.0000,-0.6867,-0.0060,,-0.0037,-0.0060,-0.0089,25.0733,7.6174
000270.KS,기아,2026-06-10,159700.0000,-1.1236,-0.4527,,-0.6325,-0.4527,-0.2375,-6.3037,-42.4114
000270.KS,기아,2026-06-11,156000.0000,-1.0365,-0.3729,,-0.1146,-0.3729,-0.6811,-5.1777,-124.2297
000270.KS,기아,2026-06-12,166800.0000,0.7192,-0.3865,,-1.2780,-0.3865,0.6829,16.6270,-387.1895
000270.KS,기아,2026-06-15,167500.0000,2.0170,-0.3239,,-1.2049,-0.3239,0.7125,0.8475,122.2672
000270.KS,기아,2026-06-16,170200.0000,0.7245,0.0674,,0.1896,0.0674,-0.0735,3.3236,72.8108
000270.KS,기아,2026-06-17,166300.0000,0.8047,0.1164,,0.1475,0.1164,0.0804,-5.6697,6.0830
000270.KS,기아,2026-06-18,158800.0000,0.3387,0.1193,,-0.1420,0.1193,0.4218,-10.5081,-43.3953
000270.KS,기아,2026-06-19,154900.0000,-1.4344,0.1681,,-0.5109,0.1681,0.9497,-5.5575,-104.1492
000270.KS,기아,2026-06-22,151400.0000,-1.9689,-0.5034,,0.1918,-0.5034,-1.2921,-5.0974,2894.3032
000270.KS,기아,2026-06-23,137400.0000,-4.0918,-0.8401,,1.7935,-0.8401,-3.8731,-18.0045,198.6751
000270.KS,기아,2026-06-24,138900.0000,-3.5640,-0.8689,,0.6807,-0.8689,-2.7586,3.8707,46.5251
000270.KS,기아,2026-06-25,139500.0000,-2.6032,-0.7861,,0.3842,-0.7861,-2.2637,1.5589,22.5224
000270.KS,기아,2026-06-26,135300.0000,-2.7143,-0.9117,-0.1706,0.4597,-0.9117,-2.6903,-6.1486,20.2049
000270.KS,기아,2026-06-29,140600.0000,-1.5374,-0.9074,-0.0485,-0.5219,-0.9074,-1.4236,14.8917,4.7415
000270.KS,기아,2026-06-30,140200.0000,0.4048,-0.9510,-0.1594,-0.7761,-0.9510,-1.1873,-0.6229,2.9322
000660.KS,SK하이닉스,2026-04-29,1293000.0000,1.1179,1.8268,,1.4703,1.8268,2.4393,-1.4122,
000660.KS,SK하이닉스,2026-04-30,1286000.0000,0.9634,2.0659,,0.2903,2.0659,5.0875,-1.4980,
000660.KS,SK하이닉스,2026-05-04,1447000.0000,3.5195,2.5345,,2.6725,2.5345,2.3104,8.9838,
000660.KS,SK하이닉스,2026-05-06,1601000.0000,4.6691,3.0952,,4.8983,3.0952,0.1566,4.8432,
000660.KS,SK하이닉스,2026-05-07,1654000.0000,5.1104,3.0989,,4.7282,3.0989,0.3176,1.2388,
000660.KS,SK하이닉스,2026-05-08,1686000.0000,5.3976,2.6596,,4.6991,2.6596,-0.9749,0.7020,
000660.KS,SK하이닉스,2026-05-11,1880000.0000,7.7404,3.4992,,6.6804,3.4992,-2.4947,3.3320,
000660.KS,SK하이닉스,2026-05-12,1835000.0000,4.6928,3.0972,,4.3801,3.0972,0.4526,-5.4854,
000660.KS,SK하이닉스,2026-05-13,1976000.0000,4.3323,3.4801,,5.3279,3.4801,-0.4780,2.6671,
000660.KS,SK하이닉스,2026-05-14,1970000.0000,3.4991,3.1151,,4.2245,3.1151,0.6001,-0.7107,
000660.KS,SK하이닉스,2026-05-15,1819000.0000,1.4229,2.3799,,1.9942,2.3799,3.2857,-16.1502,
000660.KS,SK하이닉스,2026-05-18,1840000.0000,-0.4219,2.3314,,1.7968,2.3314,3.5711,0.8732,
000660.KS,SK하이닉스,2026-05-19,1745000.0000,-0.9534,2.0521,,0.6353,2.0521,5.2817,-10.3185,-6.2354
000660.KS,SK하이닉스,2026-05-20,1745000.0000,-2.4706,1.8870,,0.4593,1.8870,4.9978,0.0000,-6.3498
000660.KS,SK하이닉스,2026-05-21,1940000.0000,-0.3290,2.2902,,1.7061,2.2902,3.5080,10.1380,0.4240
000660.KS,SK하이닉스,2026-05-22,1941000.0000,1.3423,2.2452,,1.2430,2.2452,4.2983,0.0408,-0.7737
000660.KS,SK하이닉스,2026-05-26,2052000.0000,2.3016,2.5293,,1.6601,2.5293,4.2576,4.3059,2.1773
000660.KS,SK하이닉스,2026-05-27,2243000.0000,5.2849,3.0456,,2.8331,3.0456,3.4576,5.5796,7.1445
000660.KS,SK하이닉스,2026-05-28,2289000.0000,5.4833,2.8861,,2.7983,2.8861,3.0553,1.0805,5.5715
000660.KS,SK하이닉스,2026-05-29,2333000.0000,3.7554,2.9064,,2.4220,2.9064,3.8376,1.0078,4.3423
000660.KS,SK하이닉스,2026-06-01,2363000.0000,3.8865,2.9255,,1.7958,2.9255,5.0676,0.6797,3.0012
000660.KS,SK하이닉스,2026-06-02,2360000.0000,2.7305,2.8530,,0.7933,2.8530,6.6369,-0.3284,1.0578
000660.KS,SK하이닉스,2026-06-04,2298000.0000,0.4746,2.1979,,0.5738,2.1979,5.0182,-6.8112,-2.0673
000660.KS,SK하이닉스,2026-06-05,2070000.0000,-1.8810,1.1852,,-0.2813,1.1852,3.6241,-21.2439,-9.3562
000660.KS,SK하이닉스,2026-06-08,1911000.0000,-3.6940,0.6419,,-0.5273,0.6419,2.5129,-13.7592,-14.2757
000660.KS,SK하이닉스,2026-06-09,2215000.0000,-1.3452,1.3128,,0.2949,1.3128,2.8934,20.4033,-2.9256
000660.KS,SK하이닉스,2026-06-10,2048000.0000,-2.8745,0.4115,,0.0727,0.4115,0.9244,-11.5516,-9.8736
000660.KS,SK하이닉스,2026-06-11,2101000.0000,-1.8687,0.6489,,0.0688,0.6489,1.5195,3.0646,-7.4787
000660.KS,SK하이닉스,2026-06-12,2150000.0000,0.7733,0.4217,,0.3381,0.4217,0.5454,2.7443,-5.2302
000660.KS,SK하이닉스,2026-06-15,2288000.0000,3.6163,0.7675,,0.9597,0.7675,0.4837,7.0290,1.2003
000660.KS,SK하이닉스,2026-06-16,2382000.0000,1.5460,1.3485,,1.1163,1.3485,1.6929,4.0430,4.2750
000660.KS,SK하이닉스,2026-06-17,2521000.0000,4.3122,1.6094,,1.9737,1.6094,1.0720,5.2034,8.4330
000660.KS,SK하이닉스,2026-06-18,2685000.0000,5.1040,2.1863,,2.5362,2.1863,1.6656,5.0437,11.8746
000660.KS,SK하이닉스,2026-06-19,2764000.0000,5.1056,2.3193,,2.4900,2.3193,2.0631,2.0956,10.1564
000660.KS,SK하이닉스,2026-06-22,2919000.0000,4.9921,2.1778,,4.1552,2.1778,-0.8025,3.6803,11.3918
000660.KS,SK하이닉스,2026-06-23,2555000.0000,1.3036,1.3367,,0.5435,1.3367,2.5919,-20.6287,-4.3171
000660.KS,SK하이닉스,2026-06-24,2621000.0000,0.7438,1.2224,,0.9647,1.2224,1.6222,2.5183,-2.5541
000660.KS,SK하이닉스,2026-06-25,2917000.0000,1.7129,1.4305,,3.0325,1.4305,-1.0378,9.6078,6.5662
000660.KS,SK하이닉스,2026-06-26,2673000.0000,-0.6606,0.8035,1.7459,1.0337,0.8035,0.4342,-12.2703,-3.8613
000660.KS,SK하이닉스,2026-06-29,2628000.0000,-2.1264,0.6124,1.7359,0.7205,0.6124,0.4378,-2.3791,-5.7345
000660.KS,SK하이닉스,2026-06-30,2659000.0000,0.7765,0.6107,1.6510,0.7688,0.6107,0.3548,1.2399,-4.8474
005380.KS,현대차,2026-04-29,556000.0000,0.5629,0.6755,,1.1573,0.6755,0.0740,0.2755,
005380.KS,현대차,2026-04-30,531000.0000,-0.0373,0.6416,,0.0207,0.6416,1.4250,-11.5147,
005380.KS,현대차,2026-05-04,539000.0000,0.9705,0.6618,,0.1403,0.6618,1.3108,2.9362,
005380.KS,현대차,2026-05-06,550000.0000,0.9612,0.7831,,0.1799,0.7831,1.5252,3.8453,
005380.KS,현대차,2026-05-07,572000.0000,0.6225,0.9497,,0.7848,0.9497,1.1499,6.7689,
005380.KS,현대차,2026-05-08,613000.0000,2.0742,0.9978,,2.9834,0.9978,-1.4034,9.4500,
005380.KS,현대차,2026-05-11,646000.0000,4.0998,1.4725,,3.7949,1.4725,-1.4610,5.3955,
005380.KS,현대차,2026-05-12,646000.0000,3.6644,1.4512,,2.8114,1.4512,-0.3587,0.0000,
005380.KS,현대차,2026-05-13,710000.0000,5.2858,2.1159,,4.9853,2.1159,-1.8234,7.7607,
005380.KS,현대차,2026-05-14,712000.0000,4.3928,1.9736,,3.8625,1.9736,-0.7995,0.1863,
005380.KS,현대차,2026-05-15,700000.0000,2.6150,1.6852,,2.7047,1.6852,0.1183,-4.6442,
005380.KS,현대차,2026-05-18,663000.0000,0.4979,1.1135,,1.3543,1.1135,0.7339,-13.3607,
005380.KS,현대차,2026-05-19,604000.0000,-1.2241,0.5634,,0.2317,0.5634,1.0897,-18.6619,-11.8400
005380.KS,현대차,2026-05-20,592000.0000,-3.4819,0.5518,,0.0178,0.5518,1.3918,-3.9271,-13.6823
005380.KS,현대차,2026-05-21,666000.0000,-1.4063,1.0131,,1.1105,1.0131,0.8619,19.1989,0.8759
005380.KS,현대차,2026-05-22,655000.0000,-1.3953,0.9528,,0.7079,0.9528,1.3338,-3.2052,-2.5864
005380.KS,현대차,2026-05-26,689000.0000,0.8176,1.2998,,1.1568,1.2998,1.5207,6.4703,3.5293
005380.KS,현대차,2026-05-27,681000.0000,2.4017,1.3730,,0.4580,1.3730,2.7824,-2.3846,-0.0026
005380.KS,현대차,2026-05-28,677000.0000,2.5891,1.2335,,0.2360,1.2335,2.7353,-1.2677,-1.9086
005380.KS,현대차,2026-05-29,723000.0000,1.6924,1.3379,,1.3843,1.3379,1.2697,8.5298,6.3275
005380.KS,현대차,2026-06-01,750000.0000,2.7737,1.5246,,1.7760,1.5246,1.1549,3.9546,8.4864
005380.KS,현대차,2026-06-02,729000.0000,1.1364,1.5326,,0.4009,1.5326,3.2072,-6.2064,1.4306
005380.KS,현대차,2026-06-04,700000.0000,0.5337,1.2274,,-0.4550,1.2274,3.6491,-8.4501,-4.8795
005380.KS,현대차,2026-06-05,700000.0000,0.6426,1.1297,,-0.6844,1.1297,3.6374,-0.0000,-5.1587
005380.KS,현대차,2026-06-08,639000.0000,-2.3320,0.4990,,-0.8966,0.4990,2.3477,-17.0909,-16.6977
005380.KS,현대차,2026-06-09,639000.0000,-3.1552,0.1927,,-0.2416,0.1927,0.7497,0.0000,-16.8441
005380.KS,현대차,2026-06-10,602000.0000,-3.7276,-0.3254,,0.4220,-0.3254,-1.2748,-10.7325,-26.9013
005380.KS,현대차,2026-06-11,597000.0000,-3.1402,-0.3636,,0.4213,-0.3636,-1.3777,-1.5379,-31.8012
005380.KS,현대차,2026-06-12,607000.0000,-2.9273,-0.7671,,-0.3741,-0.7671,-1.2840,4.1900,-32.3106
005380.KS,현대차,2026-06-15,647000.0000,0.2594,-0.4878,,-0.7020,-0.4878,-0.2035,14.7331,-6.8480
005380.KS,현대차,2026-06-16,640000.0000,0.0323,-0.4525,,-0.5458,-0.4525,-0.3292,-2.2359,-12.8527
005380.KS,현대차,2026-06-17,618000.0000,0.5173,-0.3409,,-0.0589,-0.3409,-0.7126,-7.0352,-34.1646
005380.KS,현대차,2026-06-18,601000.0000,0.1287,-0.0228,,0.0277,-0.0228,-0.0898,-5.5307,-66.9974
005380.KS,현대차,2026-06-19,613000.0000,0.1927,0.1597,,-0.2005,0.1597,0.6381,5.0336,-106.2904
005380.KS,현대차,2026-06-22,581000.0000,-2.1161,-0.6453,,0.2369,-0.6453,-1.8073,-10.3836,3607.6793
005380.KS,현대차,2026-06-23,511000.0000,-4.2254,-1.1002,,1.5072,-1.1002,-4.6066,-19.6538,209.9054
005380.KS,현대차,2026-06-24,509000.0000,-3.7278,-1.3906,,0.5221,-1.3906,-4.1276,-0.6011,53.1697
005380.KS,현대차,2026-06-25,503000.0000,-3.4813,-1.3945,,0.2940,-1.3945,-3.9279,-1.9050,28.4915
005380.KS,현대차,2026-06-26,480500.0000,-4.8767,-1.5613,0.0315,0.3308,-1.5613,-4.5247,-7.1437,23.3375
005380.KS,현대차,2026-06-29,497000.0000,-3.2501,-1.8241,0.1472,-1.3184,-1.8241,-2.6565,12.1892,9.4609
005380.KS,현대차,2026-06-30,501000.0000,-0.3999,-2.0471,0.0385,-2.6760,-2.0471,-0.9977,2.6481,4.6966
005930.KS,삼성전자,2026-04-29,226000.0000,0.7671,0.8742,,0.6599,0.8742,1.1501,2.4233,
005930.KS,삼성전자,2026-04-30,220500.0000,-0.3583,1.0038,,-0.8025,1.0038,3.3177,-6.6262,
005930.KS,삼성전자,2026-05-04,232500.0000,1.1685,1.0929,,0.3086,1.0929,2.0576,7.7375,
005930.KS,삼성전자,2026-05-06,266000.0000,3.6873,1.7022,,5.0325,1.7022,-2.3237,13.2971,
005930.KS,삼성전자,2026-05-07,271500.0000,4.2416,1.7220,,4.2742,1.7220,-1.5957,1.4053,
005930.KS,삼성전자,2026-05-08,268500.0000,3.4936,1.3091,,3.1098,1.3091,-1.1713,-2.7698,
005930.KS,삼성전자,2026-05-11,285500.0000,5.1628,1.8158,,4.1187,1.8158,-1.4939,4.4553,
005930.KS,삼성전자,2026-05-12,279000.0000,3.5121,1.5974,,2.6436,1.5974,0.0082,-5.6192,
005930.KS,삼성전자,2026-05-13,284000.0000,1.3134,1.7876,,2.4004,1.7876,0.8324,1.4540,
005930.KS,삼성전자,2026-05-14,296000.0000,1.7645,1.8938,,2.9628,1.8938,0.2013,3.1745,
005930.KS,삼성전자,2026-05-15,270500.0000,0.1415,1.2356,,0.8922,1.2356,1.7943,-19.0910,
005930.KS,삼성전자,2026-05-18,281000.0000,-0.3180,1.3026,,1.3420,1.3026,1.2390,4.4235,
005930.KS,삼성전자,2026-05-19,275500.0000,-0.2481,1.2048,,0.7957,1.2048,1.8653,-4.2171,-4.3974
005930.KS,삼성전자,2026-05-20,276000.0000,-0.5686,1.2305,,0.5645,1.2305,2.2943,0.2329,-4.5724
005930.KS,삼성전자,2026-05-21,299500.0000,0.2502,1.5911,,1.6936,1.5911,1.4301,9.6950,3.5270
005930.KS,삼성전자,2026-05-22,292500.0000,1.5686,1.4591,,0.8676,1.4591,2.3904,-5.2366,-0.8933
005930.KS,삼성전자,2026-05-26,299000.0000,1.2636,1.4286,,1.1027,1.4286,1.9339,2.5050,0.4243
005930.KS,삼성전자,2026-05-27,307000.0000,2.1837,1.6542,,1.0294,1.6542,2.6153,2.8874,1.9735
005930.KS,삼성전자,2026-05-28,299500.0000,1.5943,1.3948,,0.4066,1.3948,2.8914,-5.8796,-2.1811
005930.KS,삼성전자,2026-05-29,317000.0000,1.1686,1.7425,,0.8404,1.7425,3.0757,6.6236,3.2146
005930.KS,삼성전자,2026-06-01,349000.0000,3.7294,2.2174,,2.8919,2.2174,1.2422,8.5030,12.1093
005930.KS,삼성전자,2026-06-02,360500.0000,3.9135,2.4691,,2.6050,2.4691,2.2695,2.2440,10.7878
005930.KS,삼성전자,2026-06-04,351500.0000,2.7250,2.0482,,1.5356,2.0482,2.8039,-5.7648,4.0418
005930.KS,삼성전자,2026-06-05,329000.0000,1.7586,1.0626,,0.8619,1.0626,1.3547,-13.4354,-3.9772
005930.KS,삼성전자,2026-06-08,295500.0000,-1.2595,0.4005,,-0.0788,0.4005,1.0951,-17.7244,-13.5039
005930.KS,삼성전자,2026-06-09,322000.0000,-1.6019,0.8893,,0.3607,0.8893,1.6463,11.9087,-5.0314
005930.KS,삼성전자,2026-06-10,302500.0000,-3.4971,0.2801,,0.0560,0.2801,0.5969,-9.4168,-11.7525
005930.KS,삼성전자,2026-06-11,299000.0000,-3.2802,0.3286,,-0.0694,0.3286,0.8883,-1.7877,-12.8880
005930.KS,삼성전자,2026-06-12,322500.0000,-0.4199,0.6305,,0.4097,0.6305,0.9380,10.4879,-2.6006
005930.KS,삼성전자,2026-06-15,337000.0000,2.6922,0.6672,,0.9496,0.6672,0.2758,5.1907,3.1860
005930.KS,삼성전자,2026-06-16,343000.0000,1.3266,1.1720,,0.6577,1.1720,1.8895,1.9811,3.8530
005930.KS,삼성전자,2026-06-17,346500.0000,2.7431,1.0466,,0.8439,1.0466,1.3259,1.1608,3.2127
005930.KS,삼성전자,2026-06-18,362500.0000,3.8532,1.3757,,1.2492,1.3757,1.5492,5.0729,7.7015
005930.KS,삼성전자,2026-06-19,354000.0000,1.8405,1.2167,,0.4026,1.2167,2.3300,-4.6273,1.3048
005930.KS,삼성전자,2026-06-22,353500.0000,0.9466,0.8322,,0.7690,0.8322,0.9169,-0.2923,-0.3139
005930.KS,삼성전자,2026-06-23,310000.0000,-1.8755,0.2675,,-0.2952,0.2675,1.0214,-21.4973,-17.3902
005930.KS,삼성전자,2026-06-24,340500.0000,-0.3475,0.6326,,0.0923,0.6326,1.3470,14.4891,-4.0493
005930.KS,삼성전자,2026-06-25,358500.0000,-0.2325,0.7801,,0.7740,0.7801,0.7879,6.3559,3.9087
005930.KS,삼성전자,2026-06-26,339500.0000,-0.8447,0.6012,1.0146,-0.1724,0.6012,1.6113,-8.4812,-6.6795
005930.KS,삼성전자,2026-06-29,323000.0000,-1.7920,0.0896,0.9589,-0.0349,0.0896,0.2494,-7.3489,-14.6454
005930.KS,삼성전자,2026-06-30,334500.0000,1.4657,-0.2164,0.8830,-0.3278,-0.2164,-0.0740,5.0884,-8.1336
035420.KS,NAVER,2026-04-29,220000.0000,0.5556,0.2286,,0.5716,0.2286,-0.1741,0.7221,
035420.KS,NAVER,2026-04-30,211000.0000,-0.5985,0.3649,,-0.0786,0.3649,0.8896,-16.8205,
035420.KS,NAVER,2026-05-04,209000.0000,-0.4632,0.2751,,-0.1291,0.2751,0.7486,-3.8697,
035420.KS,NAVER,2026-05-06,208000.0000,-0.6515,0.2672,,-0.2441,0.2672,0.8608,-2.0411,
035420.KS,NAVER,2026-05-07,207500.0000,-1.1241,0.2760,,-0.3965,0.2760,1.0482,-1.0871,
035420.KS,NAVER,2026-05-08,215000.0000,-0.4737,0.3203,,0.0354,0.3203,0.6428,17.4549,
035420.KS,NAVER,2026-05-11,211500.0000,0.0476,0.2365,,-0.1594,0.2365,0.6820,-6.9830,
035420.KS,NAVER,2026-05-12,204000.0000,-0.4757,0.0472,,-0.0953,0.0472,0.2062,-13.8782,
035420.KS,NAVER,2026-05-13,201500.0000,-0.6214,0.0590,,-0.1843,0.0590,0.3295,-4.7455,
035420.KS,NAVER,2026-05-14,213000.0000,0.5291,0.2711,,-0.2665,0.2711,0.8660,27.0189,
035420.KS,NAVER,2026-05-15,203500.0000,-1.1005,-0.1763,,0.1875,-0.1763,-0.5744,-14.4811,
035420.KS,NAVER,2026-05-18,200000.0000,-1.1127,-0.4357,,-0.0139,-0.4357,-0.9007,-5.4334,
035420.KS,NAVER,2026-05-19,198100.0000,-0.5773,-0.4352,,0.0956,-0.4352,-1.0257,-3.0786,-603.8940
035420.KS,NAVER,2026-05-20,191500.0000,-0.9842,-0.5226,,0.5855,-0.5226,-1.7694,-10.3274,175.8109
035420.KS,NAVER,2026-05-21,199500.0000,-1.3418,-0.3463,,-0.1281,-0.3463,-0.5977,20.3148,12.3013
035420.KS,NAVER,2026-05-22,203000.0000,-0.0504,-0.2636,,-0.2534,-0.2636,-0.2754,6.6387,-6.7773
035420.KS,NAVER,2026-05-26,200000.0000,0.0000,-0.4205,,-0.5042,-0.4205,-0.3235,-4.6645,6.2390
035420.KS,NAVER,2026-05-27,198800.0000,0.0706,-0.3667,,-0.3010,-0.3667,-0.4427,-1.9697,8.3841
035420.KS,NAVER,2026-05-28,205000.0000,1.3598,-0.2422,,-0.4563,-0.2422,0.0056,12.4466,-18.5452
035420.KS,NAVER,2026-05-29,234000.0000,3.4284,0.3520,,1.9704,0.3520,-1.5124,33.5544,-153.7288
035420.KS,NAVER,2026-06-01,271500.0000,6.5815,1.2458,,7.8696,1.2458,-6.6545,15.9729,547.3377
035420.KS,NAVER,2026-06-02,280500.0000,7.2568,1.6605,,6.4841,1.6605,-4.9878,2.2498,77.1287
035420.KS,NAVER,2026-06-04,267500.0000,5.7741,1.3749,,3.3807,1.3749,-1.7235,-10.5197,23.1709
035420.KS,NAVER,2026-06-05,255500.0000,4.0127,1.1012,,1.8951,1.1012,-0.1888,-9.4674,6.2509
035420.KS,NAVER,2026-06-08,279000.0000,3.4377,1.6396,,3.4744,1.6396,-1.4041,9.4311,17.0134
035420.KS,NAVER,2026-06-09,257000.0000,-1.0709,0.9476,,1.3998,0.9476,0.1603,-14.3686,-0.5838
035420.KS,NAVER,2026-06-10,227000.0000,-3.9940,0.3464,,0.1859,0.3464,0.6293,-17.4241,-16.4623
035420.KS,NAVER,2026-06-11,224000.0000,-3.3826,0.4454,,0.0982,0.4454,1.0548,-1.8419,-18.3583
035420.KS,NAVER,2026-06-12,247000.0000,-0.6841,1.0089,,0.6697,1.0089,1.5984,14.0267,-2.0498
035420.KS,NAVER,2026-06-15,248000.0000,-2.5122,0.7683,,0.6816,0.7683,0.9176,0.4969,-2.0375
035420.KS,NAVER,2026-06-16,242000.0000,-1.2469,0.8387,,0.3223,0.8387,1.7260,-3.8176,-7.3114
035420.KS,NAVER,2026-06-17,243500.0000,1.3889,0.9397,,0.1996,0.9397,2.1938,0.8865,-6.0946
035420.KS,NAVER,2026-06-18,235000.0000,0.9132,0.7897,,-0.1676,0.7897,2.3803,-5.8455,-13.6174
035420.KS,NAVER,2026-06-19,229500.0000,-1.4397,0.8069,,-0.6024,0.8069,3.0901,-3.9139,-19.0281
035420.KS,NAVER,2026-06-22,222000.0000,-2.1703,0.4740,,-0.4419,0.4740,1.9046,-5.4353,-28.8771
035420.KS,NAVER,2026-06-23,202500.0000,-3.3703,-0.0105,,0.0163,-0.0105,-0.0513,-13.2086,-67.0429
035420.KS,NAVER,2026-06-24,199400.0000,-3.8940,-0.0126,,0.0220,-0.0126,-0.0654,-2.2114,-176.9634
035420.KS,NAVER,2026-06-25,199700.0000,-3.2433,0.0189,,-0.0336,0.0189,0.0991,0.3575,176.9386
035420.KS,NAVER,2026-06-26,196400.0000,-3.1431,-0.1803,-0.0814,0.2962,-0.1803,-0.9077,-2.6516,57.1308
035420.KS,NAVER,2026-06-29,204000.0000,-1.7647,-0.6301,0.0192,0.2112,-0.6301,-1.9299,9.9652,15.3083
035420.KS,NAVER,2026-06-30,201500.0000,-0.0998,-1.4796,-0.0691,-1.3639,-1.4796,-1.6623,-2.1392,12.6961
055550.KS,신한지주,2026-04-29,100000.0000,0.2811,0.3699,,0.1013,0.3699,0.6760,0.3188,
055550.KS,신한지주,2026-04-30,99900.0000,0.0000,0.4197,,-0.1741,0.4197,1.0925,-0.7288,
055550.KS,신한지주,2026-05-04,98000.0000,-0.4004,0.3160,,-0.4881,0.3160,1.2156,-12.9766,
055550.KS,신한지주,2026-05-06,97300.0000,-0.4824,0.2236,,-0.4586,0.2236,0.9739,-4.8965,
055550.KS,신한지주,2026-05-07,98900.0000,-0.2020,0.3802,,-1.3590,0.3802,2.2660,8.3971,
055550.KS,신한지주,2026-05-08,98000.0000,-0.4048,0.0657,,-0.1398,0.0657,0.2805,-6.1174,
055550.KS,신한지주,2026-05-11,97200.0000,-0.5487,0.0303,,-0.1033,0.0303,0.1694,-5.5320,
055550.KS,신한지주,2026-05-12,96700.0000,-0.2656,-0.1009,,0.1653,-0.1009,-0.3774,-3.5898,
055550.KS,신한지주,2026-05-13,95200.0000,-0.4302,-0.1566,,0.3948,-0.1566,-0.7323,-10.3925,
055550.KS,신한지주,2026-05-14,96800.0000,-0.4321,-0.0759,,0.0595,-0.0759,-0.2189,12.2005,
055550.KS,신한지주,2026-05-15,95100.0000,-0.5993,-0.2380,,0.1344,-0.2380,-0.6323,-10.8759,
055550.KS,신한지주,2026-05-18,93100.0000,-0.8524,-0.3451,,0.3629,-0.3451,-1.1006,-12.1106,
055550.KS,신한지주,2026-05-19,93900.0000,-0.5871,-0.2903,,0.0735,-0.2903,-0.6843,7.1372,1483.6276
055550.KS,신한지주,2026-05-20,94000.0000,-0.2531,-0.3064,,-0.0923,-0.3064,-0.5401,0.8467,68.6739
055550.KS,신한지주,2026-05-21,94800.0000,-0.4229,-0.2561,,-0.2068,-0.2561,-0.3103,6.7969,13.7474
055550.KS,신한지주,2026-05-22,98200.0000,0.6583,-0.0205,,-0.0381,-0.0205,-0.0013,22.0913,-55.2313
055550.KS,신한지주,2026-05-26,96000.0000,0.6118,-0.2003,,-0.3154,-0.2003,-0.0741,-12.1395,-5.9306
055550.KS,신한지주,2026-05-27,95000.0000,0.2307,-0.2574,,-0.3582,-0.2574,-0.1471,-5.6091,38.3111
055550.KS,신한지주,2026-05-28,92800.0000,-0.2510,-0.3561,,-0.1954,-0.3561,-0.5315,-11.7303,91.1698
055550.KS,신한지주,2026-05-29,93600.0000,-0.2517,-0.3263,,-0.4174,-0.3263,-0.2264,5.9970,22.7940
055550.KS,신한지주,2026-06-01,92600.0000,-1.1775,-0.3845,,-0.4581,-0.3845,-0.3041,-5.5822,27.0759
055550.KS,신한지주,2026-06-02,96400.0000,0.0851,-0.1826,,-0.5915,-0.1826,0.2640,25.3569,-25.3302
055550.KS,신한지주,2026-06-04,100100.0000,1.0842,0.1097,,0.4586,0.1097,-0.2679,14.4488,-81.0295
055550.KS,신한지주,2026-06-05,107500.0000,3.0915,0.5324,,2.9352,0.5324,-2.0875,16.8371,-897.8436
055550.KS,신한지주,2026-06-08,97100.0000,0.7140,-0.0935,,-0.1815,-0.0935,0.0074,-28.2434,-11.9782
055550.KS,신한지주,2026-06-09,101200.0000,1.7419,0.1663,,0.4675,0.1663,-0.1783,10.3325,32.5414
055550.KS,신한지주,2026-06-10,98200.0000,0.3584,0.0519,,0.0858,0.0519,0.0129,-7.7806,-6.3836
055550.KS,신한지주,2026-06-11,96900.0000,-0.6348,0.0104,,0.0118,0.0104,0.0087,-3.5037,-17.8133
055550.KS,신한지주,2026-06-12,99600.0000,-1.5772,0.2282,,0.3201,0.2282,0.1222,7.2773,10.5142
055550.KS,신한지주,2026-06-15,105600.0000,1.7241,0.4553,,1.4131,0.4553,-0.6507,12.8242,63.8937
055550.KS,신한지주,2026-06-16,106700.0000,1.0967,0.5974,,1.4736,0.5974,-0.4353,1.8574,35.8450
055550.KS,신한지주,2026-06-17,103100.0000,0.9665,0.5120,,0.5078,0.5120,0.5169,-9.1043,4.0165
055550.KS,신한지주,2026-06-18,100800.0000,0.7619,0.3514,,0.1791,0.3514,0.5585,-5.8948,-7.6452
055550.KS,신한지주,2026-06-19,100900.0000,0.2520,0.3502,,0.1398,0.3502,0.6021,0.2471,-7.1766
055550.KS,신한지주,2026-06-22,97500.0000,-1.5664,0.1366,,-0.0375,0.1366,0.3440,-9.1557,-23.6320
055550.KS,신한지주,2026-06-23,97700.0000,-1.7682,-0.0253,,-0.0120,-0.0253,-0.0410,0.6251,-24.1182
055550.KS,신한지주,2026-06-24,95700.0000,-1.4800,-0.0152,,0.0065,-0.0152,-0.0409,-5.8470,-42.7244
055550.KS,신한지주,2026-06-25,94500.0000,-1.2789,-0.0253,,0.0225,-0.0253,-0.0820,-3.6405,-77.0589
055550.KS,신한지주,2026-06-26,91600.0000,-1.9124,-0.0607,0.0188,0.1175,-0.0607,-0.2724,-8.6547,-448.4087
055550.KS,신한지주,2026-06-29,96400.0000,-0.2306,0.1416,0.1489,-0.1083,0.1416,0.4398,20.0354,12.2353
055550.KS,신한지주,2026-06-30,97100.0000,-0.1261,0.2273,0.0735,-0.2249,0.2273,0.7639,2.2243,-3.9627
105560.KS,KB금융,2026-04-29,160600.0000,0.4056,0.3956,,0.1847,0.3956,0.6374,3.5949,
105560.KS,KB금융,2026-04-30,160500.0000,0.3156,0.4485,,-0.0768,0.4485,1.0479,-0.3600,
105560.KS,KB금융,2026-05-04,157800.0000,0.0503,0.3923,,-0.5547,0.3923,1.4608,-9.4768,
105560.KS,KB금융,2026-05-06,158900.0000,0.1887,0.3495,,-0.4467,0.3495,1.2299,2.8232,
105560.KS,KB금융,2026-05-07,161200.0000,0.3013,0.4591,,-0.9582,0.4591,2.0004,5.4462,
105560.KS,KB금융,2026-05-08,161700.0000,0.1377,0.1796,,0.1834,0.1796,0.1757,1.0884,
105560.KS,KB금융,2026-05-11,158800.0000,-0.2125,0.1447,,-0.2152,0.1447,0.5248,-10.5801,
105560.KS,KB금융,2026-05-12,153600.0000,-0.5261,-0.1476,,0.2915,-0.1476,-0.6080,-16.9646,
105560.KS,KB금융,2026-05-13,152000.0000,-0.8688,-0.1447,,0.3799,-0.1447,-0.6996,-5.3222,
105560.KS,KB금융,2026-05-14,156000.0000,-0.6605,0.0032,,-0.0033,0.0032,0.0100,15.2371,
105560.KS,KB금융,2026-05-15,155600.0000,-0.7800,-0.0819,,0.0234,-0.0819,-0.1945,-1.3317,
105560.KS,KB금융,2026-05-18,153000.0000,-0.7474,-0.2932,,-0.1419,-0.2932,-0.4554,-8.5273,
105560.KS,KB금융,2026-05-19,152800.0000,-0.1039,-0.3004,,-0.2240,-0.3004,-0.3826,-0.7014,-47.3218
105560.KS,KB금융,2026-05-20,151700.0000,-0.0390,-0.2918,,-0.0726,-0.2918,-0.5278,-3.9890,-95.5812
105560.KS,KB금융,2026-05-21,155800.0000,-0.0260,-0.1463,,-0.2368,-0.1463,-0.0485,17.0394,333.6615
105560.KS,KB금융,2026-05-22,160000.0000,0.5722,0.0828,,0.1684,0.0828,-0.0095,12.0149,538.5474
105560.KS,KB금융,2026-05-26,157300.0000,0.5561,-0.0223,,-0.0297,-0.0223,-0.0143,-8.3815,16.6742
105560.KS,KB금융,2026-05-27,153800.0000,0.1286,-0.1146,,-0.0140,-0.1146,-0.2234,-10.4750,-43.5662
105560.KS,KB금융,2026-05-28,149700.0000,-0.2569,-0.2454,,0.2075,-0.2454,-0.7361,-11.6722,-172.9320
105560.KS,KB금융,2026-05-29,150600.0000,-0.6696,-0.2620,,-0.0310,-0.2620,-0.5147,3.6322,151.1314
105560.KS,KB금융,2026-06-01,152100.0000,-1.0241,-0.2723,,-0.3301,-0.2723,-0.2088,5.8404,23.7761
105560.KS,KB금융,2026-06-02,156600.0000,-0.0917,-0.1253,,-0.3225,-0.1253,0.0913,14.8083,-39.9793
105560.KS,KB금융,2026-06-04,164200.0000,1.3634,0.2059,,0.7721,0.2059,-0.4132,16.5355,-204.9624
105560.KS,KB금융,2026-06-05,171600.0000,2.8324,0.4077,,1.9458,0.4077,-1.2939,10.0402,292.5168
105560.KS,KB금융,2026-06-08,151500.0000,0.1132,-0.3101,,-0.3117,-0.3101,-0.3082,-32.7459,-40.0928
105560.KS,KB금융,2026-06-09,154800.0000,0.3392,-0.2213,,-0.4111,-0.2213,-0.0044,6.3829,-26.8969
105560.KS,KB금융,2026-06-10,154000.0000,-0.3255,-0.1543,,-0.1998,-0.1543,-0.1025,-1.4087,-38.8126
105560.KS,KB금융,2026-06-11,151500.0000,-1.5953,-0.0676,,0.0059,-0.0676,-0.1512,-4.5262,-96.0186
105560.KS,KB금융,2026-06-12,161200.0000,-1.3275,0.2963,,0.4032,0.2963,0.1746,18.5021,2512.4489
105560.KS,KB금융,2026-06-15,169600.0000,2.3415,0.4368,,1.4101,0.4368,-0.6740,10.6633,220.1634
105560.KS,KB금융,2026-06-16,172000.0000,2.1742,0.5244,,1.5545,0.5244,-0.6757,2.4832,65.7618
105560.KS,KB금융,2026-06-17,164000.0000,1.2372,0.3499,,0.4183,0.3499,0.2684,-12.0659,3.7506
105560.KS,KB금융,2026-06-18,163100.0000,1.4176,0.3265,,0.2960,0.3265,0.3629,-1.4408,-1.1474
105560.KS,KB금융,2026-06-19,158300.0000,-0.3494,0.2085,,0.0004,0.2085,0.4566,-7.6428,-17.3720
105560.KS,KB금융,2026-06-22,157000.0000,-1.5236,0.0378,,0.0120,0.0378,0.0685,-2.1805,-22.6341
105560.KS,KB금융,2026-06-23,153700.0000,-2.2471,-0.1986,,-0.0947,-0.1986,-0.3217,-5.6256,-40.5403
105560.KS,KB금융,2026-06-24,151800.0000,-1.5325,-0.1737,,0.0089,-0.1737,-0.3907,-3.3706,-70.5151
105560.KS,KB금융,2026-06-25,151900.0000,-1.4288,-0.0601,,0.0260,-0.0601,-0.1629,0.2392,-185.6647
105560.KS,KB금융,2026-06-26,149300.0000,-1.1647,-0.0127,0.0363,0.0162,-0.0127,-0.0472,-5.0685,255.1185
105560.KS,KB금융,2026-06-29,153700.0000,-0.4321,0.0981,0.1258,-0.0608,0.0981,0.2884,11.5768,13.9471
105560.KS,KB금융,2026-06-30,159850.0000,0.8088,0.2451,0.1230,0.0736,0.2451,0.4496,12.6829,-42.0859
207940.KS,삼성바이오로직스,2026-04-29,1473000.0000,-1.1555,-0.3161,,0.3877,-0.3161,-1.0819,-9.7645,
207940.KS,삼성바이오로직스,2026-04-30,1470000.0000,-0.5845,-0.3684,,0.1730,-0.3684,-0.9661,-1.0074,
207940.KS,삼성바이오로직스,2026-05-04,1485000.0000,-0.5746,-0.2219,,0.1113,-0.2219,-0.5940,7.8579,
207940.KS,삼성바이오로직스,2026-05-06,1480000.0000,-0.3897,-0.2417,,0.0858,-0.2417,-0.6101,-1.8135,
207940.KS,삼성바이오로직스,2026-05-07,1468000.0000,-0.4857,-0.3812,,-0.0977,-0.3812,-0.7022,-4.4774,
207940.KS,삼성바이오로직스,2026-05-08,1472000.0000,-0.0136,-0.4086,,-0.3259,-0.4086,-0.5028,2.3700,
207940.KS,삼성바이오로직스,2026-05-11,1458000.0000,-0.1627,-0.3972,,-0.1760,-0.3972,-0.6498,-5.6269,
207940.KS,삼성바이오로직스,2026-05-12,1443000.0000,-0.5704,-0.4184,,-0.1084,-0.4184,-0.7740,-6.0967,
207940.KS,삼성바이오로직스,2026-05-13,1410000.0000,-0.9562,-0.4596,,0.1667,-0.4596,-1.1827,-12.6214,
207940.KS,삼성바이오로직스,2026-05-14,1449000.0000,-0.2620,-0.2869,,-0.0766,-0.2869,-0.5331,29.7781,
207940.KS,삼성바이오로직스,2026-05-15,1419000.0000,-0.7329,-0.6052,,-0.6203,-0.6052,-0.5876,-10.2861,
207940.KS,삼성바이오로직스,2026-05-18,1386000.0000,-1.0029,-0.7653,,-0.8047,-0.7653,-0.7191,-10.8615,
207940.KS,삼성바이오로직스,2026-05-19,1346000.0000,-1.3649,-0.8550,,-0.4989,-0.8550,-1.2734,-12.4176,11.3379
207940.KS,삼성바이오로직스,2026-05-20,1337000.0000,-1.0414,-0.9064,,-0.8173,-0.9064,-1.0119,-2.9210,8.2820
207940.KS,삼성바이오로직스,2026-05-21,1395000.0000,-0.7784,-0.6587,,-1.2432,-0.6587,0.0345,43.3439,-3.7363
207940.KS,삼성바이오로직스,2026-05-22,1415000.0000,-0.0581,-0.5016,,-1.0806,-0.5016,0.1763,8.7862,-7.2572
207940.KS,삼성바이오로직스,2026-05-26,1425000.0000,0.5669,-0.3073,,-0.5505,-0.3073,-0.0261,3.9669,-8.9291
207940.KS,삼성바이오로직스,2026-05-27,1384000.0000,0.5493,-0.4988,,-0.7694,-0.4988,-0.1875,-11.9519,-1.3536
207940.KS,삼성바이오로직스,2026-05-28,1373000.0000,0.5175,-0.4734,,-0.5933,-0.4734,-0.3363,-3.3380,-0.1837
207940.KS,삼성바이오로직스,2026-05-29,1363000.0000,-0.4577,-0.4931,,-0.6111,-0.4931,-0.3586,-3.1646,0.5660
207940.KS,삼성바이오로직스,2026-06-01,1377000.0000,-0.5460,-0.3374,,-0.3846,-0.3374,-0.2837,7.6186,-3.2738
207940.KS,삼성바이오로직스,2026-06-02,1367000.0000,-0.8379,-0.3633,,-0.3919,-0.3633,-0.3308,-3.3845,-1.8897
207940.KS,삼성바이오로직스,2026-06-04,1350000.0000,-0.4953,-0.4778,,-0.6174,-0.4778,-0.3194,-5.8346,0.6463
207940.KS,삼성바이오로직스,2026-06-05,1340000.0000,-0.4832,-0.4979,,-0.6357,-0.4979,-0.3419,-3.5644,1.2893
207940.KS,삼성바이오로직스,2026-06-08,1243000.0000,-1.7655,-0.8042,,0.4620,-0.8042,-2.2337,-27.1319,18.3000
207940.KS,삼성바이오로직스,2026-06-09,1296000.0000,-1.2131,-0.6342,,-0.6088,-0.6342,-0.6636,39.7186,2.4622
207940.KS,삼성바이오로직스,2026-06-10,1298000.0000,-1.0461,-0.5802,,-0.6078,-0.5802,-0.5482,0.9907,0.4294
207940.KS,삼성바이오로직스,2026-06-11,1286000.0000,-0.9805,-0.5727,,-0.4835,-0.5727,-0.6761,-3.4702,1.0696
207940.KS,삼성바이오로직스,2026-06-12,1295000.0000,-0.6963,-0.4219,,-0.2771,-0.4219,-0.5901,5.0502,-1.7013
207940.KS,삼성바이오로직스,2026-06-15,1332000.0000,1.3867,-0.4310,,-0.9822,-0.4310,0.2115,18.4740,-8.3122
207940.KS,삼성바이오로직스,2026-06-16,1333000.0000,0.5686,-0.3182,,-0.6398,-0.3182,0.0523,0.4037,-8.4138
207940.KS,삼성바이오로직스,2026-06-17,1370000.0000,1.1002,-0.0594,,-0.1332,-0.0594,0.0251,14.2029,-15.2639
207940.KS,삼성바이오로직스,2026-06-18,1430000.0000,2.1765,0.3120,,0.7916,0.3120,-0.2359,16.1839,-28.5086
207940.KS,삼성바이오로직스,2026-06-19,1374000.0000,1.1686,0.1370,,0.1497,0.1370,0.1224,-14.0065,-15.0765
207940.KS,삼성바이오로직스,2026-06-22,1295000.0000,-0.5410,-0.3697,,-0.2770,-0.3697,-0.4768,-17.5455,13.6990
207940.KS,삼성바이오로직스,2026-06-23,1273000.0000,-0.8821,-0.5270,,-0.4963,-0.5270,-0.5624,-4.9989,15.3412
207940.KS,삼성바이오로직스,2026-06-24,1385000.0000,0.2225,-0.1492,,-0.5244,-0.1492,0.2849,33.4253,-21.7967
207940.KS,삼성바이오로직스,2026-06-25,1386000.0000,-0.6512,0.0075,,0.0211,0.0075,-0.0082,0.1887,-23.3314
207940.KS,삼성바이오로직스,2026-06-26,1343000.0000,-0.4618,-0.1121,-0.2154,-0.1983,-0.1121,-0.0131,-8.7245,-5.0816
207940.KS,삼성바이오로직스,2026-06-29,1448000.0000,2.2897,0.3179,-0.0646,1.1152,0.3179,-0.5960,20.3983,-56.5294
207940.KS,삼성바이오로직스,2026-06-30,1409000.0000,1.9898,0.1193,-0.1882,0.3281,0.1193,-0.1241,-6.9460,-59.2801
329180.KS,HD현대중공업,2026-04-29,690000.0000,1.4880,2.2686,,3.2545,2.2686,0.4135,2.7044,
329180.KS,HD현대중공업,2026-04-30,685000.0000,1.3166,2.2785,,2.3638,2.2785,2.1136,-2.1351,
329180.KS,HD현대중공업,2026-05-04,680000.0000,0.2658,1.8157,,2.0710,1.8157,1.3205,-2.2476,
329180.KS,HD현대중공업,2026-05-06,648000.0000,-0.7364,1.5743,,1.0038,1.5743,2.6892,-13.4134,
329180.KS,HD현대중공업,2026-05-07,693000.0000,0.7715,1.9527,,1.6461,1.9527,2.5421,8.7220,
329180.KS,HD현대중공업,2026-05-08,658000.0000,-0.9423,1.4902,,0.7513,1.4902,2.8979,-12.3899,
329180.KS,HD현대중공업,2026-05-11,685000.0000,0.0000,1.8153,,0.8107,1.8153,3.6893,5.5267,
329180.KS,HD현대중공업,2026-05-12,707000.0000,0.8026,1.9284,,0.9262,1.9284,3.7459,3.8513,
329180.KS,HD현대중공업,2026-05-13,733000.0000,2.5066,2.2017,,0.8145,2.2017,4.6494,3.9793,
329180.KS,HD현대중공업,2026-05-14,671000.0000,-0.6329,1.5320,,-0.5506,1.5320,5.0718,-18.4112,
329180.KS,HD현대중공업,2026-05-15,640000.0000,-0.5211,1.3006,,-1.4766,1.3006,5.7686,-9.0196,
329180.KS,HD현대중공업,2026-05-18,615000.0000,-2.0373,0.9426,,-1.6769,0.9426,4.8680,-7.2643,
329180.KS,HD현대중공업,2026-05-19,598000.0000,-3.2383,0.6456,,-1.5514,0.6456,3.7324,-5.0510,-16.2809
329180.KS,HD현대중공업,2026-05-20,636000.0000,-2.9782,0.8552,,-2.0459,0.8552,4.7238,12.3343,-9.6347
329180.KS,HD현대중공업,2026-05-21,672000.0000,0.0316,0.7268,,-0.8592,0.7268,2.7051,8.9932,-2.4257
329180.KS,HD현대중공업,2026-05-22,680000.0000,1.2654,0.2931,,0.1688,0.2931,0.4428,1.7366,-1.4778
329180.KS,HD현대중공업,2026-05-26,745000.0000,4.0612,0.7794,,1.7427,0.7794,-0.3772,12.1196,10.9590
329180.KS,HD현대중공업,2026-05-27,744000.0000,4.3831,0.5429,,1.4086,0.5429,-0.5187,-0.2796,6.4144
329180.KS,HD현대중공업,2026-05-28,704000.0000,1.9557,0.2293,,0.3344,0.2293,0.0979,-10.7488,-3.3349
329180.KS,HD현대중공업,2026-05-29,696000.0000,0.6770,0.2140,,0.2250,0.2140,0.2003,-2.2627,-5.2739
329180.KS,HD현대중공업,2026-06-01,684000.0000,0.1121,-0.0442,,-0.0567,-0.0442,-0.0285,-3.5263,-7.7681
329180.KS,HD현대중공업,2026-06-02,673000.0000,-2.0151,-0.0884,,-0.0820,-0.0884,-0.0964,-3.3640,-9.9910
329180.KS,HD현대중공업,2026-06-04,651000.0000,-2.6564,-0.2138,,-0.0731,-0.2138,-0.3902,-6.7560,-14.8415
329180.KS,HD현대중공업,2026-06-05,664000.0000,-1.1737,0.1182,,-0.0105,0.1182,0.2800,4.2220,-11.3209
329180.KS,HD현대중공업,2026-06-08,621000.0000,-2.2268,-0.5314,,-0.0204,-0.5314,-1.1720,-12.8034,-24.0964
329180.KS,HD현대중공업,2026-06-09,612000.0000,-2.1865,-0.3413,,0.2577,-0.3413,-1.1009,-2.8050,-29.5841
329180.KS,HD현대중공업,2026-06-10,641000.0000,-0.9935,-0.3276,,-0.1882,-0.3276,-0.5067,11.4576,-17.7095
329180.KS,HD현대중공업,2026-06-11,646000.0000,-0.1568,-0.4557,,-0.5715,-0.4557,-0.3062,1.7112,-14.5756
329180.KS,HD현대중공업,2026-06-12,650000.0000,-0.4397,-0.6228,,-1.3029,-0.6228,0.2518,1.4064,-11.3003
329180.KS,HD현대중공업,2026-06-15,714000.0000,2.9338,0.3247,,0.7192,0.3247,-0.1749,19.0489,46.7357
329180.KS,HD현대중공업,2026-06-16,698000.0000,2.6356,0.4365,,0.4514,0.4365,0.4175,-4.9087,13.9570
329180.KS,HD현대중공업,2026-06-17,707000.0000,1.9707,0.6894,,0.3548,0.6894,1.1172,2.1974,13.3217
329180.KS,HD현대중공업,2026-06-18,684000.0000,1.1127,0.6401,,-0.4237,0.6401,1.9893,-7.3622,-2.9020
329180.KS,HD현대중공업,2026-06-19,667000.0000,0.4923,0.2293,,-0.0895,0.2293,0.6240,-5.5358,-11.8338
329180.KS,HD현대중공업,2026-06-22,636000.0000,-2.2478,-0.2656,,0.0681,-0.2656,-0.6760,-9.8053,-28.9311
329180.KS,HD현대중공업,2026-06-23,588000.0000,-3.2429,-0.6806,,0.6515,-0.6806,-2.3308,-14.0526,-70.6724
329180.KS,HD현대중공업,2026-06-24,587000.0000,-3.6563,-1.1769,,-0.9827,-1.1769,-1.4248,-0.3143,-192.6116
329180.KS,HD현대중공업,2026-06-25,582000.0000,-3.2258,-1.2211,,-1.2844,-1.2211,-1.1399,-1.6642,176.2411
329180.KS,HD현대중공업,2026-06-26,564000.0000,-3.3660,-1.0683,0.2283,-0.1430,-1.0683,-2.2531,-6.0608,67.6579
329180.KS,HD현대중공업,2026-06-29,592000.0000,-1.4880,-0.8022,0.3444,-0.6538,-0.8022,-0.9962,16.2073,13.0233
329180.KS,HD현대중공업,2026-06-30,587000.0000,-0.0343,-0.7542,0.3689,-0.5087,-0.7542,-1.0764,-1.7417,10.6458
373220.KS,LG에너지솔루션,2026-04-29,473000.0000,-0.4856,0.7685,,1.0610,0.7685,0.3792,0.3942,
373220.KS,LG에너지솔루션,2026-04-30,460500.0000,-0.2546,0.6471,,0.5064,0.6471,0.8355,-8.1417,
373220.KS,LG에너지솔루션,2026-05-04,472000.0000,-0.3829,0.8438,,0.6378,0.8438,1.1190,5.4761,
373220.KS,LG에너지솔루션,2026-05-06,482000.0000,0.7687,0.7912,,0.9721,0.7912,0.5508,4.2050,
373220.KS,LG에너지솔루션,2026-05-07,483000.0000,0.4662,0.8415,,0.7921,0.8415,0.9074,0.4033,
373220.KS,LG에너지솔루션,2026-05-08,476500.0000,0.1476,0.7897,,0.3876,0.7897,1.3257,-4.6627,
373220.KS,LG에너지솔루션,2026-05-11,468000.0000,0.3159,0.5223,,0.2625,0.5223,0.8654,-6.1618,
373220.KS,LG에너지솔루션,2026-05-12,443000.0000,-1.2177,0.3427,,-0.2134,0.3427,1.0728,-16.3299,
373220.KS,LG에너지솔루션,2026-05-13,430000.0000,-2.2104,0.3140,,-0.4842,0.3140,1.3487,-8.3786,
373220.KS,LG에너지솔루션,2026-05-14,442000.0000,-1.7822,0.4613,,-0.7111,0.4613,1.9535,9.9232,
373220.KS,LG에너지솔루션,2026-05-15,417000.0000,-2.6333,0.0984,,-0.2444,0.0984,0.5234,-14.7122,
373220.KS,LG에너지솔루션,2026-05-18,408000.0000,-2.7273,-0.0874,,0.2218,-0.0874,-0.4677,-5.3960,
373220.KS,LG에너지솔루션,2026-05-19,400000.0000,-2.0093,-0.1968,,0.4980,-0.1968,-1.0573,-4.9117,-66.3626
373220.KS,LG에너지솔루션,2026-05-20,384500.0000,-2.1698,-0.4874,,1.0811,-0.4874,-2.4608,-9.2958,-218.4957
373220.KS,LG에너지솔루션,2026-05-21,401000.0000,-1.9985,-0.8475,,-0.1231,-0.8475,-1.7920,19.2074,86.9227
373220.KS,LG에너지솔루션,2026-05-22,398500.0000,-0.9202,-0.9547,,-0.4829,-0.9547,-1.5801,-1.5471,39.8655
373220.KS,LG에너지솔루션,2026-05-26,399500.0000,-0.4267,-0.7509,,-0.2013,-0.7509,-1.4878,1.0271,19.8841
373220.KS,LG에너지솔루션,2026-05-27,383500.0000,-0.8319,-1.1010,,-0.5038,-1.1010,-1.9121,-10.2392,29.3058
373220.KS,LG에너지솔루션,2026-05-28,442000.0000,2.9232,-0.2512,,-0.4132,-0.2512,-0.0280,52.1092,-32.7262
373220.KS,LG에너지솔루션,2026-05-29,458000.0000,2.8155,-0.1603,,-0.3712,-0.1603,0.1292,6.6300,-59.3135
373220.KS,LG에너지솔루션,2026-06-01,455000.0000,2.7144,-0.2064,,-0.4830,-0.2064,0.1714,-1.5511,-106.1114
373220.KS,LG에너지솔루션,2026-06-02,442500.0000,2.0112,-0.2068,,-0.3636,-0.2068,0.0060,-6.5072,728.9024
373220.KS,LG에너지솔루션,2026-06-04,422000.0000,1.7652,-0.5756,,-0.9384,-0.5756,-0.0853,-10.3080,-56.9497
373220.KS,LG에너지솔루션,2026-06-05,414000.0000,-1.2615,-0.7874,,-1.4978,-0.7874,0.1646,-4.1522,-217.8268
373220.KS,LG에너지솔루션,2026-06-08,388500.0000,-3.1713,-1.1029,,-1.6294,-1.1029,-0.4091,-12.4751,449.5128
373220.KS,LG에너지솔루션,2026-06-09,396500.0000,-2.7568,-0.9441,,-1.7632,-0.9441,0.1221,6.0858,45.4911
373220.KS,LG에너지솔루션,2026-06-10,385500.0000,-2.7623,-0.9829,,-1.5224,-0.9829,-0.2938,-5.6504,39.8578
373220.KS,LG에너지솔루션,2026-06-11,384500.0000,-1.8689,-0.7039,,-0.6132,-0.7039,-0.8182,-0.5501,22.2611
373220.KS,LG에너지솔루션,2026-06-12,400000.0000,-0.7110,-0.3635,,-0.4105,-0.3635,-0.3042,12.7534,-0.4716
373220.KS,LG에너지솔루션,2026-06-15,420500.0000,1.6368,-0.2615,,-0.6482,-0.2615,0.2268,13.1768,-19.5797
373220.KS,LG에너지솔루션,2026-06-16,410500.0000,0.7046,-0.0793,,-0.0954,-0.0793,-0.0591,-5.3209,-9.2546
373220.KS,LG에너지솔루션,2026-06-17,416000.0000,1.5242,0.0976,,0.1038,0.0976,0.0900,3.3080,-15.7726
373220.KS,LG에너지솔루션,2026-06-18,400000.0000,0.7630,0.0000,,0.0000,0.0000,0.0000,-8.7358,7.1320
373220.KS,LG에너지솔루션,2026-06-19,404500.0000,0.2198,0.2438,,-0.0945,0.2438,0.6672,3.1164,-1.9470
373220.KS,LG에너지솔루션,2026-06-22,385500.0000,-1.7061,-0.1885,,0.0945,-0.1885,-0.5400,-10.4913,23.2409
373220.KS,LG에너지솔루션,2026-06-23,362000.0000,-2.4052,-0.4447,,0.5774,-0.4447,-1.7223,-12.2608,39.6648
373220.KS,LG에너지솔루션,2026-06-24,365500.0000,-2.5661,-0.4161,,0.3516,-0.4161,-1.3981,3.3322,18.3354
373220.KS,LG에너지솔루션,2026-06-25,352000.0000,-2.5033,-0.3871,,0.6020,-0.3871,-1.6748,-7.4170,20.0474
373220.KS,LG에너지솔루션,2026-06-26,331500.0000,-3.9048,-1.3634,-0.3100,0.0472,-1.3634,-3.2421,-10.8172,23.3887
373220.KS,LG에너지솔루션,2026-06-29,400500.0000,0.8350,-0.7192,0.0238,-1.8918,-0.7192,0.8956,61.8835,-17.5075
373220.KS,LG에너지솔루션,2026-06-30,371000.0000,0.4968,-1.0583,-0.1426,-2.1569,-1.0583,0.4129,-11.4796,-1.5875